,Address,Bedrooms,Bathrooms,Rent,Total Area,Price per sqft,Type of house,Transit Score
0,1274 W Lexington St,6.0,4.0,1200000,3562.0,336.88938798427847,Luxury,74.0
1,215 N Aberdeen St UNIT 403A,1.0,1.0,299100,800.0,373.875,Single Family,78.0
2,331 S Peoria St APT 205,2.0,2.5,441700,1500.0,294.46666666666664,Single Family,87.0
4,843 S Miller St,2.0,1.0,365700,856.0,427.2196261682243,Single Family,75.0
5,215 N Green St #2,3.0,2.5,9000,3000.0,3.0,Other,78.0
9,106 N Aberdeen St UNIT 4F,1.0,2.0,314700,756.0,416.26984126984127,Single Family,79.0
11,1222 W Jackson Blvd #617,1.0,1.0,2603,762.0,3.416010498687664,Single Family,78.0
12,1213 W Lexington St,3.0,3.5,578800,2500.0,231.52,Residence,78.0
13,822 S Bishop St #1,2.0,2.0,323800,1100.0,294.3636363636364,Single Family,78.0
14,106 N Aberdeen St UNIT 3H,1.0,2.0,332400,850.0,391.05882352941177,Single Family,79.0
15,1140 W Monroe St,4.0,4.0,1197800,15000.0,79.85333333333334,Luxury,79.0
16,215 N Aberdeen St UNIT 602B,2.0,2.0,316100,950.0,332.7368421052632,Single Family,78.0
17,801 S Wells St APT 808,1.0,1.0,215000,1100.0,195.45454545454547,Single Family,78.0
20,1408 W Taylor St APT 202,3.0,2.0,408400,1540.0,265.1948051948052,Other,71.0
22,701 S Wells St APT 803,1.0,1.0,199400,650.0,306.7692307692308,Single Family,100.0
24,1500 W Monroe St UNIT 205,2.0,2.0,304900,1000.0,304.9,Single Family,78.0
25,323 S Racine Ave #2D,3.0,3.0,1040000,2160.0,481.48148148148147,Other,78.0
26,6 S Laflin St APT 714,1.0,1.0,240900,800.0,301.125,Single Family,78.0
28,823 S Bishop St,4.0,1.5,492200,1400.0,351.57142857142856,Other,78.0
29,1408 W Taylor St APT 402,3.0,2.0,466000,1540.0,302.5974025974026,Other,71.0
30,701 S Wells St APT 2801,2.0,2.0,400000,1263.0,316.7062549485352,Single Family,100.0
31,806 S Morgan St,3.0,2.5,550100,1985.0,277.1284634760705,Residence,76.0
32,1500 W Monroe St UNIT 207,2.0,1.0,329000,1070.0,307.4766355140187,Single Family,75.0
34,950 W Monroe St UNIT 708,2.0,2.0,278000,1366.0,203.5139092240117,Single Family,86.0
36,701 S Wells St APT 2406,3.0,3.0,548300,1680.0,326.3690476190476,Residence,100.0
40,14 N Peoria St STE 2B,2.0,2.0,414200,1450.0,285.6551724137931,Single Family,87.0
43,215 N Aberdeen St #B-606,2.0,2.0,445000,1200.0,370.8333333333333,Single Family,78.0
44,106 N Aberdeen St UNIT 4G,1.0,1.5,279500,800.0,349.375,Single Family,79.0
46,1041 W Taylor St #3,3.0,2.0,3200,1800.0,1.7777777777777777,Other,78.0
47,908 S Miller St,2.0,1.0,368400,900.0,409.3333333333333,Single Family,74.0
53,331 S Peoria St APT 105,2.0,3.0,429600,1550.0,277.16129032258067,Single Family,87.0
57,215 N Aberdeen St,2.0,2.0,435000,750.0,580.0,Single Family,78.0
60,1449 W Lexington St APT A,2.0,1.5,382400,1400.0,273.14285714285717,Single Family,72.0
61,6 N Bishop St #508,4.0,4.0,1095000,2306.0,474.8482220294883,Luxury,78.0
62,808 S Morgan St,3.0,3.0,570000,2350.0,242.5531914893617,Residence,76.0
63,6 S Laflin St APT 807S,2.0,2.0,469900,1260.0,372.93650793650795,Single Family,78.0
65,1500 W Monroe St UNIT 518,1.0,1.0,225000,950.0,236.8421052631579,Single Family,78.0
66,601 S Laflin St,3.0,3.5,619700,2200.0,281.6818181818182,Residence,78.0
67,1500 W Monroe St UNIT 210,1.0,1.0,250000,900.0,277.77777777777777,Single Family,78.0
69,1219 W Lexington St,3.0,4.0,600000,2074.0,289.2960462873674,Residence,78.0
70,115 S Racine Ave,4.0,3.0,966800,2500.0,386.72,Other,79.0
73,111 S Peoria St #310,2.0,2.0,900000,1653.0,544.464609800363,Residence,78.0
75,6 N Bishop St #306,3.0,2.0,725000,1500.0,483.3333333333333,Residence,78.0
76,837 S Laflin St #1N,2.0,1.0,289900,1064.0,272.4624060150376,Single Family,78.0
77,14 N Peoria St APT 5H,3.0,2.0,5750,2200.0,2.6136363636363638,Other,78.0
79,731 S Racine Ave APT A,3.0,3.0,738800,2800.0,263.85714285714283,Residence,74.0
81,823 S Racine Ave UNIT B,3.0,2.5,407000,1800.0,226.11111111111111,Other,74.0
82,1500 W Monroe St UNIT 504,2.0,2.0,356000,1100.0,323.6363636363636,Single Family,75.0
84,902 S Morgan St,3.0,2.5,940000,2614.0,359.60214231063503,Residence,76.0
87,14 N Peoria St SUITE 3F,4.0,2.0,5400,1775.0,3.0422535211267605,Other,78.0
88,1411 W Taylor St #1R,4.0,3.0,4200,1600.0,2.625,Other,78.0
89,111 S Morgan St APT 306,1.0,1.0,250000,800.0,312.5,Single Family,78.0
90,111 S Morgan St APT 607,2.0,2.0,375000,1200.0,312.5,Single Family,83.0
91,1200 W Monroe St APT 707,2.0,2.0,420000,1300.0,323.0769230769231,Single Family,77.0
96,331 S Peoria St APT 405,2.0,3.0,425000,1500.0,283.3333333333333,Single Family,87.0
97,6 S Laflin St APT 403,1.0,1.0,3095,966.0,3.2039337474120084,Single Family,78.0
98,1415 W Randolph St,1.0,1.0,1896880,748.0,2535.9358288770054,Other,73.0
102,111 S Peoria St UNIT 503,3.0,4.0,1335000,2240.0,595.9821428571429,Other,88.0
104,812 S Miller St APT G,5.0,2.0,474900,2500.0,189.96,Other,75.0
111,6 S Laflin St APT 906,3.0,3.0,1200000,2400.0,500.0,Other,76.0
115,904 S Miller St,4.0,4.0,1394000,3000.0,464.6666666666667,Luxury,74.0
116,701 S Wells St APT 2101,2.0,2.0,390000,1263.0,308.78859857482183,Single Family,78.0
117,907 S Miller St APT 3,4.0,2.0,553000,2300.0,240.43478260869566,Other,74.0
118,708 S Racine Ave,4.0,3.0,711300,2761.0,257.62404925751537,Other,74.0
119,1432 W Randolph St #1901,3.0,2.5,5117,1279.0,4.000781860828773,Other,78.0
120,812 S Miller St #3N,3.0,2.0,366300,1300.0,281.7692307692308,Other,78.0
121,31 N Morgan St UNIT 2,3.0,2.0,513300,1500.0,342.2,Residence,84.0
125,1209 W Lexington St,2.0,3.0,590000,2074.0,284.47444551591127,Residence,74.0
126,106 N Aberdeen St #2,1.0,3.0,610000,1800.0,338.8888888888889,Other,78.0
127,111 S Peoria St UNIT 504,4.0,4.0,1465000,2488.0,588.8263665594856,Luxury,88.0
131,1449 W Lexington St APT C,3.0,3.0,625600,1520.0,411.57894736842104,Residence,72.0
133,110 N Peoria St UNIT 208,1.0,1.0,369900,1200.0,308.25,Single Family,78.0
134,210 S Des Plaines St #1901,2.0,2.0,475000,1200.0,395.8333333333333,Single Family,78.0
135,2140 W Jackson Blvd #1,1.0,1.0,162100,750.0,216.13333333333333,Single Family,78.0
139,35 S Racine Ave APT 3NW,3.0,2.0,3800,1550.0,2.4516129032258065,Other,78.0
140,106 N Aberdeen St UNIT 4E,2.0,2.0,397100,1170.0,339.4017094017094,Single Family,79.0
142,331 S Peoria St APT 505,2.0,3.0,490000,1600.0,306.25,Single Family,87.0
143,1458 W Monroe St,4.0,4.5,1710000,5600.0,305.35714285714283,Luxury,76.0
145,910 S Bishop St APT 3,2.0,1.0,2500,1200.0,2.0833333333333335,Single Family,78.0
146,11 N Green St UNIT 2D,3.0,3.0,762500,2100.0,363.0952380952381,Residence,90.0
148,701 S Wells St APT 2601,2.0,2.0,420000,1263.0,332.541567695962,Single Family,78.0
149,911 S Miller St APT 3,4.0,2.0,4300,1300.0,3.3076923076923075,Other,78.0
151,910 S Miller St,3.0,3.0,568400,2000.0,284.2,Residence,78.0
152,215 N Aberdeen St UNIT 403B,2.0,2.0,405000,1100.0,368.1818181818182,Single Family,78.0
153,323 S Racine Ave PENTHOUSE D,4.0,4.0,1925000,3103.0,620.3673864002578,Luxury,78.0
154,701 S Wells St APT 904,2.0,2.0,315000,1100.0,286.3636363636364,Single Family,100.0
155,846 S Morgan St,3.0,2.5,528900,2400.0,220.375,Residence,76.0
156,353 N Des Plaines St,1.0,1.0,2252,711.0,3.167369901547117,Single Family,78.0
159,813 S Laflin St,4.0,2.0,410400,1800.0,228.0,Other,72.0
162,847 W Monroe St APT 4A,3.0,2.0,699900,1596.0,438.5338345864662,Residence,78.0
164,167 N Des Plaines St FLOOR 4-ID342,1.0,1.0,2640,650.0,4.061538461538461,Single Family,78.0
165,701 S Wells St APT 903,1.0,1.0,283000,690.0,410.1449275362319,Single Family,100.0
166,1413 W Lexington St,3.0,3.0,602200,2063.0,291.90499272903537,Residence,72.0
167,611 S Wells St APT 1709,1.0,1.0,255000,720.0,354.1666666666667,Single Family,100.0
168,820 S Laflin St,4.0,4.0,620000,2400.0,258.3333333333333,Other,78.0
170,111 S Morgan St APT 707,2.0,2.0,405000,1095.0,369.86301369863014,Single Family,83.0
171,1500 W Monroe St UNIT 123,2.0,1.0,255000,920.0,277.17391304347825,Single Family,75.0
172,1302 W Monroe St,3.0,3.0,868900,2012.0,431.85884691848906,Residence,75.0
174,1224 W Jackson Blvd #1002,2.0,2.0,3529,1041.0,3.3900096061479346,Single Family,78.0
179,856 S Laflin St,4.0,3.0,555000,2490.0,222.89156626506025,Other,72.0
181,331 S Peoria St APT 403,1.0,1.5,305800,1000.0,305.8,Single Family,78.0
182,106 N Aberdeen St UNIT 5D,2.0,2.0,405400,950.0,426.7368421052632,Single Family,79.0
183,1211 W Lexington St,3.0,4.0,590000,2400.0,245.83333333333334,Residence,74.0
184,923 S Bishop St #2,3.0,1.5,2395,1200.0,1.9958333333333333,Other,78.0
185,701 S Wells St APT 2606,3.0,3.0,585000,1652.0,354.11622276029055,Residence,78.0
188,841 S Racine Ave UNIT D,2.0,2.0,391000,1260.0,310.3174603174603,Single Family,74.0
191,(Undisclosed Address),2.0,2.0,4265,1163.0,3.6672398968185727,Single Family,78.0
192,1500 W Monroe St UNIT 615,1.0,1.0,211500,900.0,235.0,Single Family,75.0
194,701 S Wells St APT 1705,2.0,2.0,391000,1300.0,300.7692307692308,Single Family,100.0
195,6 S Laflin St #920,2.0,1.0,293700,900.0,326.3333333333333,Single Family,78.0
196,1215 W Lexington St APT D,2.0,3.0,610000,2074.0,294.11764705882354,Residence,74.0
197,313 S Racine Ave #6A,3.0,3.0,1089000,2160.0,504.1666666666667,Other,78.0
198,1024 W Monroe St,2.0,2.0,579900,1300.0,446.0769230769231,Residence,78.0
199,1200 W Monroe St APT 511,2.0,2.0,417600,1248.0,334.61538461538464,Single Family,78.0
0,"123 S Green St Unit 910B Chicago,IL60607–West Loop",1.0,1.0,2300,800.0,2.875,Single Family,90
3,"719 S Loomis St Unit GRD Chicago,IL60607–Little Italy",3.0,1.0,2000,1300.0,1.5384615384615383,Other,70
4,"948 W Madison St Unit 5NW Chicago,IL60607–West Loop",2.0,2.0,3200,1025.0,3.1219512195121952,Single Family,83
5,"336 S Wells St Unit 1209 Chicago,IL60606–Chicago Loop",1.0,1.0,2150,658.0,3.267477203647416,Single Family,100
6,"One Six Six 166 N Aberdeen St,Chicago,IL60607–Fulton Market",3.0,2.0,2295,432.0,5.3125,Other,0
7,"336 S Wells St Unit 811 Chicago,IL60606–Chicago Loop",1.0,1.0,1962,552.0,3.5543478260869565,Single Family,100
8,"25 S Halsted St Unit 01 Chicago,IL60661–West Loop",1.0,1.0,3264,735.0,4.440816326530612,Single Family,92
9,"1240 W Monroe St Unit 11 Chicago,IL60607–Fulton Market",3.0,2.0,4300,1655.0,2.598187311178248,Other,76
11,"1446 W Lexington St 1446 W Lexington St,Chicago,IL60607–Little Italy",2.0,1.0,2100,900.0,2.333333333333333,Single Family,71
12,"125 S Green St 125 S Green St,Chicago,IL60607–West Loop",3.0,2.0,1884,510.0,3.694117647058824,Other,90
13,"4 bedroom in Chicago IL 60607 716 S Laflin St,Chicago,IL60607–Little Italy",4.0,3.0,4100,1300.0,3.1538461538461537,Other,71
14,"1313 Randolph Street Lofts 1313 W Randolph St,Chicago,IL60607–West Loop",2.0,2.0,2099,470.0,4.465957446808511,Single Family,71
15,"1000 W Washington Blvd 1000 W Washington Blvd,Chicago,IL60607–Fulton Market",3.0,2.0,3250,1451.0,2.2398345968297724,Other,82
16,"1140 N Wells St Unit Junior Two Bedroom Suite #1.1341684 Chicago,IL60610–South Loop",2.0,2.0,14400,850.0,16.941176470588236,Single Family,97
17,"1058 W Polk St Unit 1062-1R Chicago,IL60607–University Village",2.0,1.0,1400,600.0,2.333333333333333,Single Family,74
18,"1035 W Van Buren St Unit FL12-ID435 Chicago,IL60607–West Loop",1.0,1.0,3160,738.0,4.281842818428184,Single Family,85
19,"Evo Union Park Apartments 1454 W Randolph St,Chicago,IL60607–West Loop",2.0,2.0,2154,473.0,4.553911205073995,Single Family,73
20,"939 W Washington Blvd Unit FL6-ID290 Chicago,IL60607–Fulton Market",1.0,1.0,3620,625.0,5.792,Single Family,87
23,"630 S Clark St Unit 3711 Chicago,IL60605–South Loop",1.0,1.0,1900,801.0,2.3720349563046192,Single Family,100
24,"Union West 939 W Washington Blvd,Chicago,IL60607–Fulton Market",2.0,2.0,1955,482.0,4.056016597510373,Single Family,84
26,"700 S Clark St 700 S Clark St,Chicago,IL60605–South Loop",2.0,2.0,1986,530.0,3.7471698113207546,Single Family,100
28,"354 N Union Ave Unit Junior Two Bedroom Suite #6.1341704 Chicago,IL60661–West Loop",2.0,2.0,14400,850.0,16.941176470588236,Single Family,86
29,"1035 W Van Buren St Unit FL21-ID433 Chicago,IL60607–West Loop",1.0,1.0,3240,739.0,4.384303112313938,Single Family,80
31,"1222 W Jackson Blvd Unit 916 Chicago,IL60607–West Loop",1.0,1.0,2763,743.0,3.718707940780619,Single Family,77
32,"180 N Ada St Unit FL14-ID490 Chicago,IL60607–Fulton Market",2.0,2.0,5080,1133.0,4.483671668137688,Single Family,72
33,"1140 N Wells St Unit Level Suite #6.1341683 Chicago,IL60610–South Loop",1.0,1.0,10500,560.0,18.75,Single Family,97
34,"843 W Monroe St Unit 2F Chicago,IL60607–West Loop",2.0,2.0,3400,1250.0,2.72,Single Family,88
35,"6 N Bishop St 6 N Bishop St,Chicago,IL60607–West Loop",2.0,2.0,2711,748.0,3.624331550802139,Single Family,74
36,"701 S Wells St Unit 1405 Chicago,IL60607–South Loop",2.0,2.0,2975,1295.0,2.2972972972972974,Single Family,100
37,"330 S. Wells St 330 S Wells St,Chicago,IL60606–Chicago Loop",1.0,1.0,1782,372.0,4.790322580645161,Single Family,100
38,"1500 W Monroe St 1500 W Monroe St,Chicago,IL60607–West Loop",2.0,2.0,2150,550.0,3.909090909090909,Single Family,75
39,"16 S Aberdeen St Unit 1 Chicago,IL60607–West Loop",3.0,2.5,5000,1500.0,3.333333333333333,Other,79
40,"330 S Wells St Unit FL13-ID210 Chicago,IL60606–Chicago Loop",1.0,1.0,2930,600.0,4.883333333333334,Single Family,100
42,"1035 W Van Buren St Unit FL15-ID397 Chicago,IL60607–West Loop",1.0,1.0,2660,499.0,5.330661322645291,Single Family,85
43,"1222 W Jackson Blvd Unit 315 Chicago,IL60607–West Loop",1.0,1.0,2673,741.0,3.6072874493927127,Single Family,77
44,"1355 W Fillmore St Unit 1 Chicago,IL60607–Little Italy",2.0,2.0,2500,1300.0,1.9230769230769231,Single Family,68
46,"757 W Liberty St Unit 757 Chicago,IL60607–University Village",2.0,1.0,2200,1010.0,2.1782178217821784,Single Family,64
48,"354 N Union Ave Unit Deluxe One Bedroom Suite #3.1341720 Chicago,IL60661–West Loop",1.0,1.0,12000,700.0,17.142857142857142,Single Family,86
49,"1446 W Lexington St Unit 2 Chicago,IL60607–Little Italy",2.0,1.0,2100,900.0,2.333333333333333,Single Family,71
50,"1061 W Madison St Chicago,IL60607–West Loop",1.0,1.0,2098,738.0,2.8428184281842817,Single Family,82
53,"915 S Loomis St 915 S Loomis St,Chicago,IL60607–Little Italy",5.0,2.0,1500,900.0,1.6666666666666667,Other,70
54,"1140 N Wells St Unit Level Suite.1341678 Chicago,IL60610–South Loop",1.0,1.0,10500,560.0,18.75,Single Family,97
55,"1140 N Wells St Unit Deluxe Two Bedroom Suite #3.1341694 Chicago,IL60610–South Loop",2.0,2.0,16500,1000.0,16.5,Single Family,97
56,"354 N Union Ave Unit Deluxe One Bedroom Suite #6.1341723 Chicago,IL60661–West Loop",1.0,1.0,12000,700.0,17.142857142857142,Single Family,86
57,"1451 W Flournoy St Unit 1W Chicago,IL60607–Little Italy",2.0,1.0,1800,771.0,2.3346303501945527,Single Family,71
58,"213 N Racine Ave Unit #302 Chicago,IL60607–Fulton Market",1.0,1.5,3150,800.0,3.9375,Single Family,75
59,"1224 W Jackson Blvd Unit 1002 Chicago,IL60607–West Loop",2.0,2.0,3529,1041.0,3.3900096061479346,Single Family,76
60,"180 N Ada St Unit FL9-ID726 Chicago,IL60607–Fulton Market",1.0,1.0,3230,545.0,5.926605504587156,Single Family,72
61,"1446 W Lexington St Unit 2 Chicago,IL60607–Little Italy",2.0,1.0,2400,1000.0,2.4,Single Family,71
63,"306 S Halsted St Unit 6 Chicago,IL60661–West Loop",1.0,1.0,1750,640.0,2.734375,Single Family,89
64,"130 S Halsted St Unit 1 Chicago,IL60661–West Loop",2.0,2.0,3459,1005.0,3.4417910447761195,Single Family,90
65,"1000 W Washington Blvd 1000 W Washington Blvd,Chicago,IL60607–Fulton Market",2.0,2.0,2014,539.0,3.7365491651205938,Single Family,82
71,"739 W Madison St 739 W Madison St,Chicago,IL60661–West Loop",3.0,3.0,2089,490.0,4.263265306122449,Other,92
72,"939 W Washington Blvd Unit FL8-ID253 Chicago,IL60607–Fulton Market",1.0,1.0,3000,486.0,6.172839506172839,Single Family,87
73,"501 S Wells St 501 S Wells St,Chicago,IL60607–Chicago Loop",3.0,2.0,1750,407.0,4.2997542997543,Other,100
74,"354 N Union Ave Unit Deluxe One Bedroom Suite #1.1341718 Chicago,IL60661–West Loop",1.0,1.0,12000,700.0,17.142857142857142,Single Family,86
75,"354 N Union Ave Unit Junior Two Bedroom Suite #3.1341701 Chicago,IL60661–West Loop",2.0,2.0,14400,850.0,16.941176470588236,Single Family,86
76,"175 N Halsted St 175 N Halsted St,Chicago,IL60661–Fulton Market",2.0,2.0,2000,522.0,3.8314176245210727,Single Family,87
77,"37 N Morgan St 37 N Morgan St,Chicago,IL60607–Fulton Market",2.0,2.0,2627,622.0,4.223472668810289,Single Family,82
78,"730 W Couch Pl Unit 904.391299 Chicago,IL60661–Fulton Market",1.0,1.0,2266,522.0,4.340996168582375,Single Family,91
80,"801 S Wells St Unit 511 Chicago,IL60607–South Loop",2.0,2.0,2400,1000.0,2.4,Single Family,100
81,"The Aberdeen West Loop 20 N Aberdeen St,Chicago,IL60607–West Loop",3.0,2.0,2815,835.0,3.37125748502994,Other,80
82,"Aberdeen East 171 N Aberdeen St,Chicago,IL60607–West Loop",2.0,2.0,2477,810.0,3.0580246913580247,Single Family,78
85,"842 W Adams St Unit 3 Chicago,IL60607–West Loop",2.0,1.5,2495,800.0,3.11875,Single Family,88
86,"K2 Apartments 365 N Halsted St,Chicago,IL60661–West Loop",3.0,3.0,1928,481.0,4.008316008316008,Other,86
89,"719 S Loomis St Unit 1 Chicago,IL60607–Little Italy",3.0,1.0,2100,1400.0,1.5,Other,70
91,"354 N Union Ave Unit Deluxe Two Bedroom Suite #3.1341714 Chicago,IL60661–West Loop",2.0,2.0,16500,1000.0,16.5,Single Family,86
92,"1364 W Randolph St Unit 5 Chicago,IL60607–Fulton Market",1.0,1.0,2118,562.0,3.768683274021353,Single Family,73
94,"939 W Washington Blvd Unit B-W405.482987 Chicago,IL60607–Fulton Market",1.0,1.0,3611,715.0,5.05034965034965,Single Family,87
95,"334 S Wells St Unit 1303 Chicago,IL60606–Chicago Loop",1.0,1.0,1995,658.0,3.0319148936170213,Single Family,100
96,"235 W Van Buren St 235 W Van Buren St,Chicago,IL60607–Chicago Loop",2.0,2.0,2400,970.0,2.4742268041237114,Single Family,100
97,"1000 W Washington Blvd Unit 301 Chicago,IL60607–Fulton Market",2.0,2.0,6400,2300.0,2.782608695652174,Single Family,82
98,"1500 W Monroe St Unit 423 Chicago,IL60607–West Loop",2.0,2.0,2850,1355.0,2.103321033210332,Single Family,75
99,"933 W Van Buren St Unit 711 Chicago,IL60607–West Loop",2.0,2.0,3000,1250.0,2.4,Single Family,83
101,"X Chicago 710 W 14th St,Chicago,IL60607–University Village",2.0,2.5,1086,319.0,3.404388714733542,Single Family,65
102,"773 W Adams St 773 W Adams St,Chicago,IL60661–West Loop",2.0,2.0,2560,596.0,4.295302013422819,Single Family,92
103,"722 S Wells St Unit 1A-2417 Chicago,IL60607–South Loop",1.0,1.0,1975,517.0,3.820116054158608,Single Family,100
105,"23 N Racine Ave Unit 434 Chicago,IL60607–Fulton Market",3.0,2.0,5700,2500.0,2.28,Other,76
106,"1040 W Adams St Unit 1 Chicago,IL60607–West Loop",1.0,1.0,2400,900.0,2.6666666666666665,Single Family,81
107,"180 N Ada St Unit FL6-ID725 Chicago,IL60607–Fulton Market",1.0,1.0,3790,710.0,5.338028169014085,Single Family,72
108,"111 S Morgan St Unit 619 Chicago,IL60607–West Loop",1.0,1.0,2450,800.0,3.0625,Single Family,86
110,"1140 N Wells St Unit Executive One Bedroom Suite #4.1341675 Chicago,IL60610–South Loop",1.0,1.0,12600,750.0,16.8,Single Family,97
112,"355 N Halsted St 355 N Halsted St,Chicago,IL60661–West Loop",3.0,2.0,4139,1035.0,3.9990338164251207,Other,85
113,"Monroe Aberdeen Place 1050-1060 W Monroe St,Chicago,IL60607–West Loop",3.0,2.0,2749,765.0,3.593464052287582,Other,81
114,"500 S Clinton St 500 S Clinton St,Chicago,IL60607–South Loop",2.0,1.5,1950,100.0,19.5,Single Family,98
115,"1035 W Van Buren St Unit FL11-ID754 Chicago,IL60607–West Loop",1.0,1.0,2930,739.0,3.964817320703653,Single Family,85
117,"720 N Milwaukee Ave Unit 2105 Chicago,IL60642–University Village",3.0,3.0,3875,1152.0,3.3637152777777777,Other,78
118,"123 S Green St Unit 1202B Chicago,IL60607–Fulton Market",1.0,1.0,2595,800.0,3.24375,Single Family,90
119,"1162 Hubbard W St Unit 304 Chicago,IL60642–West Loop",3.0,2.0,3500,1700.0,2.0588235294117645,Other,76
120,"1242 W Jackson Blvd Unit 03W Chicago,IL60607–West Loop",2.0,2.0,4500,1664.0,2.704326923076923,Single Family,75
121,"235 W Van Buren St 235 W Van Buren St,Chicago,IL60607–Chicago Loop",2.0,2.0,1950,650.0,3.0,Single Family,100
122,"611 S Wells St Unit 1 Chicago,IL60607–South Loop",1.0,1.0,2100,1020.0,2.0588235294117645,Single Family,100
123,"1135 W Van Buren St Chicago,IL60607–West Loop",1.0,1.0,2395,685.0,3.4963503649635035,Single Family,78
124,"1240 W Monroe St Unit 11 Chicago,IL60607–Fulton Market",3.0,2.0,4300,1655.0,2.598187311178248,Other,77
125,"939 W Washington Blvd Unit FL5-ID190 Chicago,IL60607–Fulton Market",1.0,1.0,3020,482.0,6.265560165975104,Single Family,87
126,"648 W 16th St Chicago,IL60616–Pilsen",3.0,2.5,3900,1900.0,2.0526315789473686,Other,65
128,"1035 W Van Buren St Unit FL14-ID396 Chicago,IL60607–West Loop",1.0,1.0,2540,499.0,5.090180360721443,Single Family,85
130,"1342 W Hubbard St Unit 1F Chicago,IL60642–West Loop",3.0,2.0,2700,1200.0,2.25,Other,72
131,"808 W University Ln Unit 2B Chicago,IL60608–University Village",2.0,2.0,2300,1250.0,1.84,Single Family,64
132,"330 S Wells St Unit FL14-ID201 Chicago,IL60606–Chicago Loop",1.0,1.0,2890,604.0,4.78476821192053,Single Family,100
133,"1446 W Lexington St Unit 1 Chicago,IL60607–Little Italy",2.0,1.0,2100,900.0,2.333333333333333,Single Family,71
134,"625 W Jackson Blvd Unit 803 Chicago,IL60661–West Loop",1.0,1.0,2200,850.0,2.588235294117647,Single Family,98
135,"235 W Van Buren St 235 W Van Buren St,Chicago,IL60607–Chicago Loop",1.0,1.0,2000,700.0,2.857142857142857,Single Family,100
136,"125 S Green St Unit 804a Chicago,IL60607–West Loop",1.0,1.0,2500,900.0,2.7777777777777777,Single Family,90
137,"834 W Monroe St Unit FL5-ID772 Chicago,IL60607–West Loop",1.0,1.0,2980,546.0,5.457875457875458,Single Family,86
138,"939 W Washington Blvd Unit FL7-ID225 Chicago,IL60607–Fulton Market",1.0,1.0,3260,625.0,5.216,Single Family,87
140,"901 W Madison St Unit 00404 Chicago,IL60607–West Loop",1.0,1.5,2500,900.0,2.7777777777777777,Single Family,86
141,"625 W Jackson Blvd Unit 803 Chicago,IL60661–West Loop",1.0,1.0,2200,850.0,2.588235294117647,Single Family,98
143,"The Van Buren 808 W Van Buren St,Chicago,IL60607–West Loop",2.0,2.0,2165,551.0,3.9292196007259528,Single Family,88
144,"1140 N Wells St Unit Deluxe One Bedroom Suite #4.1341668 Chicago,IL60610–South Loop",1.0,1.0,12000,700.0,17.142857142857142,Single Family,97
146,"180 N Ada St Unit FL6-ID487 Chicago,IL60607–Fulton Market",1.0,1.0,3480,790.0,4.405063291139241,Single Family,72
148,"Circle Park Apartments 1111 S Ashland Ave,Chicago,IL60607–Little Italy",3.0,2.0,1400,910.0,1.5384615384615383,Other,68
149,"909 W Washington Blvd Unit 1008 Chicago,IL60607–Fulton Market",2.0,2.0,3350,1100.0,3.0454545454545454,Single Family,84
150,"1446 W Lexington St Unit 1 Chicago,IL60607–Little Italy",2.0,1.0,2100,1100.0,1.9090909090909087,Single Family,71
151,"1200 W Monroe St Unit 0415 Chicago,IL60607–Fulton Market",1.0,1.0,2250,950.0,2.3684210526315788,Single Family,77
152,"1446 W Lexington St 1446 W Lexington St,Chicago,IL60607–Little Italy",2.0,1.0,2100,9999.0,0.21002100210021,Single Family,71
153,"1107 W Van Buren St 1107 W Van Buren St,Chicago,IL60607–West Loop",3.0,2.0,2015,470.0,4.287234042553192,Other,78
155,"903 S Ashland Ave Unit FL2-ID719 Chicago,IL60607–Little Italy",1.0,1.0,2590,624.0,4.1506410256410255,Single Family,70
156,"720 N Milwaukee Ave Unit 1705 Chicago,IL60642–University Village",3.0,3.0,3850,1152.0,3.342013888888889,Other,78
157,"1107 W Van Buren St Unit 1 Chicago,IL60607–West Loop",1.0,1.0,2679,700.0,3.827142857142857,Single Family,78
158,"1436 W Randolph St 1436 W Randolph St,Chicago,IL60607–Chicago",2.0,2.0,2457,720.0,3.4125,Single Family,73
159,"611 S Wells St 611 S Wells St,Chicago,IL60607–South Loop",2.0,2.0,2000,700.0,2.857142857142857,Single Family,100
160,"1152 W Randolph St Unit 1 Chicago,IL60607–Fulton Market",2.0,2.0,3100,1300.0,2.3846153846153846,Single Family,74
161,"235 W Van Buren St Unit 3201 Chicago,IL60607–Chicago Loop",2.0,2.0,2800,1292.0,2.1671826625387,Single Family,100
164,"908-910 S Bishop St 908-910 S Bishop St,Chicago,IL60607–Little Italy",2.0,1.0,2500,1200.0,2.083333333333333,Single Family,70
165,"1327 W Washington Blvd Unit 2a Chicago,IL60607–Fulton Market",2.0,2.0,4999,2000.0,2.4995,Single Family,73
167,"1 br, 1.5 bath House - 737 W Washington #806 737 W Washington Blvd,Chicago,IL60661–Fulton Market",1.0,1.5,2500,1040.0,2.4038461538461537,Single Family,92
168,"1140 N Wells St Unit Executive One Bedroom Suite #1.1341672 Chicago,IL60610–South Loop",1.0,1.0,12600,750.0,16.8,Single Family,97
170,"1306 W Fillmore St Unit 3 Chicago,IL60607–Little Italy",2.0,2.5,3600,2000.0,1.8,Single Family,68
171,"235 W Van Buren St Unit 2122 Chicago,IL60607–Chicago Loop",2.0,2.0,2400,1100.0,2.1818181818181817,Single Family,100
172,"The Elle Apartments 801 S Financial Pl,Chicago,IL60605–South Loop",3.0,3.0,1940,466.0,4.163090128755365,Other,100
173,"1035 W Van Buren St Unit FL21-ID753 Chicago,IL60607–West Loop",1.0,1.0,3150,739.0,4.2625169147496615,Single Family,85
174,"1224 W Jackson Blvd Unit 520 Chicago,IL60607–West Loop",1.0,1.0,1945,489.0,3.9775051124744376,Single Family,76
175,"717 W Madison St Unit 1308 Chicago,IL60661–West Loop",1.0,1.0,3251,735.0,4.42312925170068,Single Family,93
176,"948 W Madison St Unit 5NW Chicago,IL60607–West Loop",2.0,2.0,3200,1100.0,2.909090909090909,Single Family,84
179,"723 S Wells St 723 S Wells St,Chicago,IL60607–South Loop",2.0,2.0,1789,448.0,3.993303571428572,Single Family,100
181,"1380 W Randolph St 1380 W Randolph St,Chicago,IL60607–Fulton Market",2.0,2.0,2355,562.0,4.190391459074733,Single Family,72
182,"842 W Adams St Unit 3 Chicago,IL60607–West Loop",2.0,1.5,2495,1000.0,2.495,Single Family,88
183,"903 S Ashland Ave Unit FL2-ID720 Chicago,IL60607–Little Italy",1.0,1.0,2590,624.0,4.1506410256410255,Single Family,70
184,"AMLI 900 900 S Clark St,Chicago,IL60605–South Loop",3.0,2.0,1818,497.0,3.657947686116701,Other,100
185,"365 N Halsted St Unit 1107.341030 Chicago,IL60654–West Loop",1.0,1.0,2292,515.0,4.450485436893204,Single Family,86
186,"180 N Ada St Unit FL11-ID485 Chicago,IL60607–Fulton Market",1.0,1.0,3790,740.0,5.121621621621622,Single Family,72
188,"334 S Wells St Unit 1005 Chicago,IL60606–Chicago Loop",1.0,1.0,2174,658.0,3.303951367781155,Single Family,100
189,"213 N Racine Ave 213 N Racine Ave,Chicago,IL60607–Fulton Market",2.0,2.0,3375,1116.0,3.024193548387097,Single Family,75
190,"939 W Washington Blvd Unit FL7-ID234 Chicago,IL60607–Fulton Market",1.0,1.0,3000,486.0,6.172839506172839,Single Family,87
191,"355 N Halsted St 355 N Halsted St,Chicago,IL60661–West Loop",2.0,2.0,2114,488.0,4.331967213114754,Single Family,86
192,"The Lofts at Gin Alley 120 N Green St,Chicago,IL60607–Fulton Market",3.0,2.0,4036,275.0,14.676363636363636,Other,85
193,"730 W Randolph St 730 W Randolph St,Chicago,IL60661–Fulton Market",2.0,2.0,2905,853.0,3.405627198124267,Single Family,90
194,"612 S Loomis St 612 S Loomis St,Chicago,IL60607–Little Italy",4.0,2.0,3650,975.0,3.743589743589744,Other,70
195,"180 N Ada St Unit FL12-ID724 Chicago,IL60607–Fulton Market",1.0,1.0,2620,423.0,6.193853427895981,Single Family,72
196,"1011 S Delano Ct E Unit W523 Chicago,IL60605–South Loop",2.0,2.0,2983,1000.0,2.983,Single Family,100
197,"1308 W Fillmore St Unit 1 Chicago,IL60607–Little Italy",3.0,3.0,3300,2100.0,1.5714285714285714,Other,68
198,"701 S Wells St Unit 1405 Chicago,IL60607–South Loop",2.0,2.0,2975,1295.0,2.2972972972972974,Single Family,100
199,"732 S Financial Pl Unit 708 Chicago,IL60605–South Loop",2.0,2.0,2450,100.0,24.5,Single Family,100
200,"910 W Madison St Unit 405 Chicago,IL60607–Fulton Market",1.0,1.0,2300,800.0,2.875,Single Family,85
201,"1446 W Lexington St Unit 1 Chicago,IL60607–Little Italy",2.0,1.0,2100,950.0,2.210526315789474,Single Family,71
205,"800 S Clark St Unit 1 Chicago,IL60605–South Loop",1.0,1.0,2649,745.0,3.5557046979865774,Single Family,100
206,"Onni Fulton Market 354 N Union Ave,Chicago,IL60661–West Loop",3.0,2.0,2114,488.0,4.331967213114754,Other,85
207,"1140 N Wells St Unit Level Suite #2.1341679 Chicago,IL60610–South Loop",1.0,1.0,10500,560.0,18.75,Single Family,97
208,"700 W Van Buren St Unit 706 Chicago,IL60607–West Loop",2.0,2.0,3200,1100.0,2.909090909090909,Single Family,94
209,"400 S Green St Unit 312 Chicago,IL60607–West Loop",1.0,1.0,2450,900.0,2.7222222222222223,Single Family,86
210,"Large Bright 1 Bed w/ Parking + In unit WD... 125 S Green St,Chicago,IL60607–Fulton Market",1.0,1.0,2500,800.0,3.125,Single Family,90
211,"907 W Madison St Unit 1 Chicago,IL60607–West Loop",1.0,1.0,2690,765.0,3.5163398692810457,Single Family,87
212,"939 W Washington Blvd Unit FL9-ID244 Chicago,IL60607–Fulton Market",1.0,1.0,3010,486.0,6.193415637860082,Single Family,87
213,"1019 W Jackson Blvd Unit 2F Chicago,IL60607–West Loop",1.0,1.0,2597,765.0,3.3947712418300653,Single Family,82
214,"331 S Green St 331 S Green St,Chicago,IL60607–Fulton Market",1.0,1.0,2323,510.0,4.5549019607843135,Single Family,88
215,"222 S Racine Ave Unit 302 Chicago,IL60607–West Loop",2.0,2.0,3199,1300.0,2.460769230769231,Single Family,79
216,"1215 W Fulton Market Unit 32 Chicago,IL60607–Chicago",1.0,1.0,2200,815.0,2.6993865030674846,Single Family,75
217,"1140 N Wells St Unit Level Suite #3.1341680 Chicago,IL60610–South Loop",1.0,1.0,10500,560.0,18.75,Single Family,97
218,"854 S Clark St Unit CLARK-319 Chicago,IL60605–South Loop",1.0,1.0,1980,522.0,3.793103448275862,Single Family,100
219,"Landmark West Loop 1035 W Van Buren St,Chicago,IL60607–West Loop",3.0,3.0,1995,499.0,3.997995991983968,Other,80
222,"6 S Laflin St Unit 710 Chicago,IL60607–West Loop",2.0,2.0,3500,1100.0,3.1818181818181817,Single Family,75
224,"1000 W Washington Blvd 1000 W Washington Blvd,Chicago,IL60607–Fulton Market",3.0,3.0,3250,1451.0,2.2398345968297724,Other,82
226,"1140 N Wells St Unit Deluxe Two Bedroom Suite #5.1341696 Chicago,IL60610–South Loop",2.0,2.0,16500,1000.0,16.5,Single Family,97
228,"1335 W Taylor St 1335 W Taylor St,Chicago,IL60607–Little Italy",4.0,2.0,4000,2200.0,1.818181818181818,Other,69
232,"1075 W Roosevelt Rd Unit 309 Chicago,IL60608–University Village",2.0,2.0,2500,1264.0,1.9778481012658229,Single Family,69
233,"1453 W Flournoy St Unit 1 Chicago,IL60607–University Village",2.0,1.0,1850,900.0,2.055555555555556,Single Family,71
234,"1061 W Jackson Blvd 1061 W Jackson Blvd,Chicago,IL60607–West Loop",2.0,1.0,2395,684.0,3.5014619883040936,Single Family,80
235,"1311 W Randolph St Unit 209 Chicago,IL60607–Fulton Market",2.0,2.0,2666,930.0,2.8666666666666667,Single Family,73
236,"354 N Union Ave Unit Deluxe Two Bedroom Suite #5.1341716 Chicago,IL60661–West Loop",2.0,2.0,16500,1000.0,16.5,Single Family,86
237,"1225 W Cottage Plz Chicago,IL60607–West Loop",3.0,3.0,3950,1850.0,2.135135135135135,Other,75
238,"23 N Racine Ave Unit 406 Chicago,IL60607–Fulton Market",2.0,2.0,3400,1600.0,2.125,Single Family,76
239,"1450 W Randolph St Unit 1 Chicago,IL60607–West Loop",2.0,2.0,3779,1111.0,3.4014401440144013,Single Family,73
240,"1500 W Monroe St Unit 00515 Chicago,IL60607–West Loop",1.0,1.0,2000,900.0,2.2222222222222223,Single Family,75
241,"1222 W Jackson Blvd Unit 617 Chicago,IL60607–West Loop",1.0,1.0,2603,762.0,3.416010498687664,Single Family,77
244,"910 W Madison St Unit 809 Chicago,IL60607–West Loop",1.0,1.0,2300,910.0,2.527472527472528,Single Family,87
245,"333 N Green St 333 N Green St,Chicago,IL60607–Fulton Market",1.0,1.0,2114,488.0,4.331967213114754,Single Family,84
246,"411 N Halsted St 411 N Halsted St,Chicago,IL60642–West Loop",2.0,2.0,2114,488.0,4.331967213114754,Single Family,85
247,"235 W Van Buren St 235 W Van Buren St,Chicago,IL60607–Chicago Loop",2.0,2.0,1975,710.0,2.7816901408450705,Single Family,100
248,"851 W Madison St Unit 409S Chicago,IL60607–West Loop",1.0,1.0,2955,725.0,4.075862068965518,Single Family,87
249,"740 W Fulton St Unit 01209 Chicago,IL60661–Fulton Market",2.0,2.0,3200,1050.0,3.0476190476190474,Single Family,84
250,"100 S Ashland Ave Unit 211 Chicago,IL60612–Near West Side",1.0,1.0,1950,850.0,2.294117647058824,Single Family,75
251,"935 W Randolph St Unit PH Chicago,IL60607–Fulton Market",3.0,2.5,7500,2500.0,3.0,Other,83
252,"1518 W Monroe St Unit 009 Chicago,IL60607–West Loop",1.0,1.0,2100,531.0,3.9548022598870056,Single Family,75
254,"933 W Van Buren St Unit 00816 Chicago,IL60607–West Loop",2.0,2.0,3200,1211.0,2.642444260941371,Single Family,82
256,"River City 800 S Wells St,Chicago,IL60607–South Loop",4.0,3.5,1769,567.0,3.119929453262787,Other,100
257,"232 S Halsted St Unit 1406 Chicago,IL60661–West Loop",2.0,2.0,3492,1005.0,3.4746268656716417,Single Family,89
258,"1061 W Van Buren St Unit S Chicago,IL60607–West Loop",1.0,1.0,2005,550.0,3.6454545454545455,Single Family,80
259,"842 W Adams St Unit 003A Chicago,IL60607–West Loop",2.0,1.5,2495,1200.0,2.0791666666666666,Single Family,88
260,"100 S Ashland Ave Unit 211 Chicago,IL60607–Near West Side",1.0,1.0,1950,850.0,2.294117647058824,Single Family,75
261,"1360 W Hubbard St Unit 3w Chicago,IL60642–West Loop",3.0,2.0,4950,1680.0,2.946428571428572,Other,73
262,"235 W Van Buren St Unit 2515 Chicago,IL60607–Chicago Loop",2.0,2.0,2995,1031.0,2.9049466537342385,Single Family,100
263,"779 W Adams St 779 W Adams St,Chicago,IL60661–West Loop",2.0,2.0,2557,596.0,4.290268456375839,Single Family,85.0
265,"100 S Ashland Ave Unit 211 Chicago,IL60607–Near West Side",1.0,1.0,1950,850.0,2.294117647058824,Single Family,75
266,"241 W Harrison St Unit 207-1403 Chicago,IL60607–South Loop",2.0,2.0,3757,1208.0,3.1100993377483444,Single Family,100
267,"The Reed 234 W Polk St,Chicago,IL60607–South Loop",3.0,2.0,2170,544.0,3.988970588235294,Other,100
268,"215 N Aberdeen St Unit #605b Chicago,IL60607–Fulton Market",1.0,1.0,2500,850.0,2.9411764705882355,Single Family,79
269,"905 S Laflin St Unit 2 Chicago,IL60607–Little Italy",3.0,1.0,2395,850.0,2.8176470588235296,Other,70
270,"700 W Van Buren St Unit 1202 Chicago,IL60607–West Loop",1.0,1.0,2250,850.0,2.647058823529412,Single Family,94
271,"1404 W Randolph St Unit 0802 Chicago,IL60607–Fulton Market",2.0,2.0,3998,1078.0,3.7087198515769946,Single Family,73
272,"800 S Clark St Unit 811 Chicago,IL60605–South Loop",3.0,2.0,3809,1385.0,2.7501805054151625,Other,100
273,"1446 W Lexington St Unit 1 Chicago,IL60607–Little Italy",2.0,1.0,2650,100.0,26.5,Single Family,71
274,"1222 W Hubbard St Unit 1R Chicago,IL60642–West Loop",2.0,2.0,2200,950.0,2.3157894736842106,Single Family,74
275,"1364 W Randolph St Unit 5D Chicago,IL60607–Fulton Market",1.0,1.0,2680,710.0,3.774647887323944,Single Family,73
277,"1035 W Van Buren St Unit FL10-ID522 Chicago,IL60607–West Loop",1.0,1.0,2940,739.0,3.9783491204330175,Single Family,85
278,"1364 W Randolph St Unit 010 Chicago,IL60607–Fulton Market",1.0,1.0,2437,748.0,3.258021390374332,Single Family,73
279,"700 S Clark St Unit 801 Chicago,IL60605–South Loop",1.0,1.0,2230,750.0,2.973333333333333,Single Family,100
281,"1040 W Adams St Unit 216 Chicago,IL60607–West Loop",1.0,1.0,2400,900.0,2.6666666666666665,Single Family,81
283,"732 S Financial Pl Unit 318 Chicago,IL60605–South Loop",1.0,1.0,1950,980.0,1.989795918367347,Single Family,100
285,"1001 W Washington Blvd Unit 1 Chicago,IL60607–Fulton Market",1.0,1.0,3339,702.0,4.756410256410256,Single Family,82
287,"1140 N Wells St Unit Junior Two Bedroom Suite #3.1341687 Chicago,IL60610–South Loop",2.0,2.0,14400,850.0,16.941176470588236,Single Family,97
288,"400 S Green St Unit 401 Chicago,IL60607–West Loop",2.0,1.0,3200,1450.0,2.206896551724138,Single Family,86
289,"763 W Adams St Unit S-10 Chicago,IL60661–West Loop",1.0,1.0,1945,565.0,3.4424778761061945,Single Family,92
290,"842 W Adams St Unit 3 Chicago,IL60607–West Loop",2.0,1.5,2495,1100.0,2.268181818181818,Single Family,88
291,"1645 W Ogden Ave 1645 W Ogden Ave,Chicago,IL60612–Near West Side",3.0,2.0,1700,622.0,2.733118971061093,Other,76
292,"235 W Van Buren St 235 W Van Buren St,Chicago,IL60607–Chicago Loop",2.0,2.0,1950,950.0,2.0526315789473686,Single Family,100
293,"733 S Wells St 733 S Wells St,Chicago,IL60607–South Loop",2.0,2.0,2510,908.0,2.76431718061674,Single Family,100
294,"111 S Morgan St Unit 620 Chicago,IL60607–West Loop",1.0,1.0,2400,760.0,3.1578947368421053,Single Family,86
295,"235 W Van Buren St Unit 3822 Chicago,IL60607–Chicago Loop",2.0,2.0,2800,1100.0,2.5454545454545454,Single Family,100
297,"701 W Jackson Blvd Unit 301.1203675 Chicago,IL60661–West Loop",2.0,2.0,3250,1224.0,2.6552287581699345,Single Family,94
300,"330 S Wells St Unit FL16-ID693 Chicago,IL60606–Chicago Loop",1.0,1.0,2840,600.0,4.733333333333333,Single Family,100
301,"1061 W Van Buren St 1061 W Van Buren St,Chicago,IL60607–West Loop",1.0,1.0,2175,550.0,3.954545454545455,Single Family,80
302,"1446 W Lexington St Unit 2 Chicago,IL60607–Little Italy",2.0,1.0,2300,1100.0,2.090909090909091,Single Family,71
303,"1407 S Halsted St Unit 1A Chicago,IL60607–University Village",2.0,2.0,2200,1100.0,2.0,Single Family,64
304,"14 N Peoria St Unit 616 Chicago,IL60607–Fulton Market",1.0,1.0,2627,732.0,3.58879781420765,Single Family,87
305,"1400 W Randolph St Unit 1001 Chicago,IL60607–Chicago",1.0,1.0,2669,720.0,3.706944444444445,Single Family,73
306,"700 W Van Buren St Unit 1202 Chicago,IL60607–West Loop",1.0,1.0,2250,850.0,2.647058823529412,Single Family,94
308,"1301 W Madison St Unit 608 Chicago,IL60607–West Loop",2.0,2.0,3950,1500.0,2.6333333333333333,Single Family,73
309,"365 N Halsted St Unit 1413.373149 Chicago,IL60654–West Loop",1.0,1.0,2374,481.0,4.935550935550936,Single Family,86
311,"1140 N Wells St Unit Junior Two Bedroom Suite #2.1341686 Chicago,IL60610–South Loop",2.0,2.0,14400,850.0,16.941176470588236,Single Family,97
312,"1459 W Lexington St Unit 1W Chicago,IL60607–Little Italy",3.0,1.5,2700,998.0,2.7054108216432864,Other,72
313,"911 S Miller St Unit G Chicago,IL60607–University Village",2.0,2.0,2600,1285.0,2.023346303501945,Single Family,74
314,"1 br, 1.5 bath Condo - 901 W Madison St 901 W Madison St,Chicago,IL60607–Fulton Market",1.0,1.5,2500,877.0,2.8506271379703536,Single Family,88
316,"1311 W Randolph St 1311 W Randolph St,Chicago,IL60607–Fulton Market",2.0,2.0,2285,562.0,4.065836298932385,Single Family,74
319,"1400 W Randolph St Unit 1501 Chicago,IL60607–Chicago",3.0,2.5,5428,1279.0,4.243940578577013,Other,73
320,"123 S Green St Unit 910B Chicago,IL60607–West Loop",1.0,1.0,2300,800.0,2.875,Single Family,90
322,"1035 W Van Buren St Unit 3009.550393 Chicago,IL60607–West Loop",1.0,1.0,2600,500.0,5.2,Single Family,81
323,"1220 W Jackson Blvd. 1220 W Jackson Blvd,Chicago,IL60607–West Loop",2.0,2.0,1858,403.0,4.610421836228288,Single Family,75
324,"948 W Madison St Unit 5NW Chicago,IL60607–West Loop",2.0,2.0,3200,1025.0,3.1219512195121952,Single Family,84
326,"16 S Aberdeen St Unit #  01 Chicago,IL60607–West Loop",3.0,2.5,5000,9999.0,0.5000500050005,Other,79
327,"365 N Halsted St Unit 2015.359390 Chicago,IL60654–West Loop",1.0,1.0,2969,681.0,4.359765051395008,Single Family,86
328,"123 S Green St Unit 1109 Chicago,IL60607–Fulton Market",1.0,1.0,2550,780.0,3.269230769230769,Single Family,90
329,"1056 W Van Buren St 1056 W Van Buren St,Chicago,IL60607–West Loop",3.0,2.0,2425,500.0,4.85,Other,80
331,"354 N Union Ave Unit Junior Two Bedroom Suite #5.1341703 Chicago,IL60661–West Loop",2.0,2.0,14400,850.0,16.941176470588236,Single Family,86
332,"1155 W Roosevelt Rd Unit 202 Chicago,IL60608–University Village",2.0,2.0,2200,1116.0,1.971326164874552,Single Family,69
333,"Bright and spacious 3 bedroom / 2.5 bathro... 16 S Aberdeen St,Chicago,IL60607–West Loop",3.0,2.5,5000,2000.0,2.5,Other,79
336,"625 W Jackson Blvd Unit 808 Chicago,IL60661–West Loop",2.0,2.0,2600,1300.0,2.0,Single Family,98
337,"700 S Clark St 700 S Clark St,Chicago,IL60605–South Loop",2.0,2.0,2316,735.0,3.1510204081632653,Single Family,100
338,"851 W Madison St Unit 1707-08S Chicago,IL60607–West Loop",3.0,2.0,6038,1593.0,3.790332705586943,Other,87
339,"1500 W Monroe St Unit 503 Chicago,IL60607–West Loop",2.0,2.0,2800,1200.0,2.333333333333333,Single Family,75
340,"611 S Wells St 611 S Wells St,Chicago,IL60607–South Loop",2.0,2.0,2000,700.0,2.857142857142857,Single Family,100
341,"1 N Halsted St 1 N Halsted St,Chicago,IL60661–Fulton Market",3.0,2.0,2104,490.0,4.293877551020408,Other,92
342,"Madison at Racine 1164-1212 W Madison St,Chicago,IL60607–West Loop",2.0,2.0,2357,568.0,4.149647887323944,Single Family,77
343,"100 S Ashland Ave Unit 211 Chicago,IL60607–Near West Side",1.0,1.0,1950,850.0,2.294117647058824,Single Family,75
344,"939 W Washington Blvd Unit FL6-ID205 Chicago,IL60607–Fulton Market",1.0,1.0,2990,486.0,6.152263374485597,Single Family,87
345,"1338 W Fillmore St Unit A Chicago,IL60607–University Village",2.0,1.0,2300,1200.0,1.9166666666666667,Single Family,69
346,"1140 N Wells St Unit Deluxe One Bedroom Suite #3.1341667 Chicago,IL60610–South Loop",1.0,1.0,12000,700.0,17.142857142857142,Single Family,97
347,"933 W Van Buren St Unit 307 Chicago,IL60607–West Loop",2.0,2.0,2650,1300.0,2.0384615384615383,Single Family,83
348,"851 W Madison St Unit 714N Chicago,IL60607–West Loop",2.0,2.0,4446,1128.0,3.941489361702128,Single Family,87
349,"440 N Halsted St Unit 03A Chicago,IL60642–West Loop",3.0,3.5,7000,2400.0,2.9166666666666665,Other,82
350,"842 W Adams St Unit 3 Chicago,IL60607–West Loop",2.0,1.5,2495,1000.0,2.495,Single Family,88
351,"770 W Gladys Ave Unit 307 Chicago,IL60661–West Loop",1.0,1.0,2850,750.0,3.8,Single Family,92
352,"111 S Morgan St Unit 520 Chicago,IL60607–Fulton Market",1.0,1.0,2400,800.0,3.0,Single Family,86
354,"1140 N Wells St Unit Deluxe Two Bedroom Suite #4.1341695 Chicago,IL60610–South Loop",2.0,2.0,16500,1000.0,16.5,Single Family,97
355,"330 S Wells St Unit FL16-ID668 Chicago,IL60606–Chicago Loop",1.0,1.0,2890,622.0,4.646302250803859,Single Family,100
356,"Roosevelt Collection Lofts 150 W Roosevelt Rd,Chicago,IL60605–South Loop",2.0,2.0,2393,759.0,3.152832674571805,Single Family,98
357,"23 N Racine Ave Unit 434 Chicago,IL60607–Fulton Market",3.0,2.0,5500,2500.0,2.2,Other,76
358,"The Duncan 1515 W Monroe St,Chicago,IL60607–West Loop",1.0,1.0,1565,338.0,4.6301775147929,Single Family,75
359,"1340 W Madison St Unit 3W Chicago,IL60607–West Loop",1.0,1.0,2950,1500.0,1.9666666666666663,Single Family,73
360,"354 N Union Ave Unit Deluxe Two Bedroom Suite #6.1341717 Chicago,IL60661–West Loop",2.0,2.0,16500,1000.0,16.5,Single Family,86
361,"842 W Adams St Unit 003T Chicago,IL60607–West Loop",2.0,1.25,2495,1200.0,2.0791666666666666,Single Family,88
362,"1446 W Lexington St Unit 2 Chicago,IL60607–Little Italy",2.0,1.0,2300,1000.0,2.3,Single Family,71
363,"842 W Adams St Unit 3 Chicago,IL60607–West Loop",2.0,1.5,2495,1000.0,2.495,Single Family,88
364,"180 N Ada St Unit FL8-ID491 Chicago,IL60607–Fulton Market",1.0,1.0,2860,533.0,5.365853658536586,Single Family,72
365,"720 N Milwaukee Ave Unit 1309 Chicago,IL60642–University Village",2.0,2.0,3850,969.0,3.9731682146542826,Single Family,78
366,"1151 W Washington Blvd 1151 W Washington Blvd,Chicago,IL60607–Fulton Market",3.0,2.0,2680,900.0,2.977777777777778,Other,78
367,"834 W Monroe St Unit 714S Chicago,IL60607–West Loop",1.0,1.0,3269,880.0,3.7147727272727273,Single Family,86
368,"400 S Green St Unit 312 Chicago,IL60607–West Loop",1.0,1.0,2450,1000.0,2.45,Single Family,89
369,"1056 W Van Buren St Unit 2810 Chicago,IL60607–West Loop",1.0,1.0,2660,700.0,3.8,Single Family,80
370,"1014 W Monroe St Unit 2 Chicago,IL60607–Chicago",2.0,2.0,3500,1300.0,2.6923076923076925,Single Family,84
371,"180 N Ada St Unit FL7-ID722 Chicago,IL60607–Fulton Market",1.0,1.0,3790,691.0,5.4848046309696095,Single Family,72
372,"1040 W Adams St 1040 W Adams St,Chicago,IL60607–West Loop",1.0,1.0,2500,900.0,2.7777777777777777,Single Family,81
373,"110 N Peoria St Unit 408 Chicago,IL60607–Fulton Market",1.0,1.0,3026,715.0,4.232167832167832,Single Family,87
374,"1306 W Fillmore St Unit 2 Chicago,IL60607–Little Italy",2.0,2.5,3600,2000.0,1.8,Single Family,68
375,"917 W Madison St Unit 1 Chicago,IL60607–West Loop",1.0,1.0,2300,796.0,2.8894472361809047,Single Family,88
376,"The Parker Fulton Market 730 W Couch Pl,Chicago,IL60661–Fulton Market",3.0,2.5,2000,522.0,3.8314176245210727,Other,87
377,"1140 N Wells St Unit Deluxe Two Bedroom Suite #2.1341693 Chicago,IL60610–South Loop",2.0,2.0,16500,1000.0,16.5,Single Family,97
378,"150 N Aberdeen St Chicago,IL60607–Fulton Market",2.0,2.0,4400,1163.0,3.783319002579536,Single Family,78
379,"740 W Fulton St Unit 513 Chicago,IL60661–Fulton Market",2.0,2.0,3800,1391.0,2.731847591660676,Single Family,86
380,"948 W Madison St Unit 005NW Chicago,IL60607–West Loop",2.0,2.0,3200,1025.0,3.1219512195121952,Single Family,84
381,"1446 W Lexington St Unit 1 Chicago,IL60607–Little Italy",2.0,1.0,2100,1000.0,2.1,Single Family,71
382,"1140 N Wells St Unit Deluxe One Bedroom Suite #6.1341670 Chicago,IL60610–South Loop",1.0,1.0,12000,700.0,17.142857142857142,Single Family,97
383,"2 br, 2.5 bath Duplex - City Flats Chicago... 1306 W Fillmore St,Chicago,IL60607–Little Italy",2.0,2.5,3600,2020.0,1.7821782178217822,Single Family,68
384,"14 N Sangamon St Unit 307 Chicago,IL60607–West Loop",2.0,2.0,3000,1150.0,2.608695652173913,Single Family,85
386,"1162 W Hubbard St Unit 201 Chicago,IL60642–West Loop",3.0,2.0,4500,2000.0,2.25,Other,76
387,"907 W Madison St Unit 2102 Chicago,IL60607–West Loop",2.0,2.0,4641,1070.0,4.337383177570094,Single Family,87
388,"200 S Halsted St 200 S Halsted St,Chicago,IL60661–West Loop",2.0,2.0,2026,510.0,3.9725490196078432,Single Family,90
390,"235 W Van Buren St Unit 2203 Chicago,IL60607–Chicago Loop",2.0,2.0,2400,1200.0,2.0,Single Family,100
391,"1035 W Van Buren St Unit 1909.6483 Chicago,IL60607–West Loop",1.0,1.0,2600,514.0,5.058365758754864,Single Family,81
392,"1355 W Fulton St Unit 1a Chicago,IL60607–Fulton Market",1.0,1.0,2434,581.0,4.189328743545611,Single Family,71
393,"842 W Adams St Unit 3 Chicago,IL60607–West Loop",2.0,1.5,2495,1600.0,1.559375,Single Family,88
394,"732 S Financial Pl Unit 212 Chicago,IL60605–South Loop",2.0,2.0,3073,1130.0,2.7194690265486727,Single Family,100
395,"The Regal Apartments 651 S Wells St,Chicago,IL60607–South Loop",3.0,2.5,1662,644.0,2.580745341614907,Other,100
396,"400 S Green St Unit 310 Chicago,IL60607–West Loop",3.0,3.0,6000,2800.0,2.142857142857143,Other,86
397,"1327 W Fillmore St Unit 1F Chicago,IL60607–University Village",4.0,3.0,3200,1600.0,2.0,Other,68
398,"717 W Madison St Unit 3806 Chicago,IL60661–West Loop",3.0,2.0,6404,1550.0,4.131612903225807,Other,93
399,"801 S Wells St Unit 1003 Chicago,IL60607–South Loop",1.0,1.0,2300,1350.0,1.7037037037037035,Single Family,100
400,"717 S Wells St Unit 1 Chicago,IL60607–South Loop",3.0,2.0,4639,1400.0,3.3135714285714286,Other,100
401,"1140 N Wells St Unit Junior Two Bedroom Suite #4.1341688 Chicago,IL60610–South Loop",2.0,2.0,14400,850.0,16.941176470588236,Single Family,97
402,"420 S Clinton St Unit 118 Chicago,IL60607–West Loop",2.0,1.5,2850,1000.0,2.85,Single Family,98
403,"932 W Washington Blvd Unit 105 Chicago,IL60607–Fulton Market",1.0,1.0,2449,750.0,3.2653333333333334,Single Family,84
404,"1140 N Wells St Unit Deluxe Two Bedroom Suite #1.1341692 Chicago,IL60610–South Loop",2.0,2.0,16500,1000.0,16.5,Single Family,97
405,"914 W Hubbard St Unit 101 Chicago,IL60642–West Loop",1.0,1.0,2150,900.0,2.388888888888889,Single Family,79
406,"948 W Madison St 948 W Madison St,Chicago,IL60607–West Loop",3.0,3.0,2150,578.0,3.7197231833910034,Other,84
407,"1200 W Monroe St Unit 820 Chicago,IL60607–Fulton Market",2.0,2.0,3400,1345.0,2.527881040892193,Single Family,77
408,"700 W Van Buren St Unit 1202 Chicago,IL60607–West Loop",1.0,1.0,2250,850.0,2.647058823529412,Single Family,94
409,"701 S Wells St 701 S Wells St,Chicago,IL60607–South Loop",2.0,2.0,1858,559.0,3.323792486583184,Single Family,100
410,"321 S Sangamon St Unit 408 Chicago,IL60607–Fulton Market",2.0,2.0,2900,1200.0,2.4166666666666665,Single Family,82
411,"733 S Wells St 733 S Wells St,Chicago,IL60607–South Loop",2.0,2.0,1999,466.0,4.289699570815451,Single Family,100
415,"2 br, 2 bath Condo - 1347 W Washington Blvd 1347 W Washington Blvd,Chicago,IL60607–Fulton Market",2.0,2.0,2900,1300.0,2.230769230769231,Single Family,73
416,"175 N Ada St Unit 1310 Chicago,IL60607–Fulton Market",1.0,1.0,1871,423.0,4.423167848699763,Single Family,72
418,"25 S Halsted St Unit 1 Chicago,IL60661–West Loop",1.0,1.0,1859,550.0,3.38,Single Family,92
420,"823 W Madison St Unit 1 Chicago,IL60607–West Loop",1.0,1.0,3316,735.0,4.51156462585034,Single Family,90
422,"Milieu 205 S Peoria,Chicago,IL60607–West Loop",2.0,2.0,2217,561.0,3.9518716577540105,Single Family,88
423,"842 W Adams St Unit 3 Chicago,IL60607–West Loop",2.0,1.5,2495,100.0,24.95,Single Family,88
424,"527 S Wells St 527 S Wells St,Chicago,IL60607–South Loop",2.0,2.0,1810,551.0,3.2849364791288567,Single Family,100
425,"1306 W Fillmore St Unit 2 Chicago,IL60607–Little Italy",2.0,2.5,3600,2000.0,1.8,Single Family,68
426,"917 S Loomis St 917 S Loomis St,Chicago,IL60607–Little Italy",5.0,2.0,1550,900.0,1.7222222222222223,Other,71
428,"235 W Van Buren St 235 W Van Buren St,Chicago,IL60607–Chicago Loop",2.0,2.0,2400,100.0,24.0,Single Family,100
429,"124 W Polk St Unit 219 Chicago,IL60605–South Loop",1.0,1.0,1914,550.0,3.48,Single Family,100
431,"177 N Ada St 177 N Ada St,Chicago,IL60607–Fulton Market",2.0,2.0,2000,500.0,4.0,Single Family,71
432,"414 S La Salle St Unit 1 Chicago,IL60605–Chicago Loop",1.0,1.0,2139,602.0,3.553156146179402,Single Family,100
433,"727 West Madison 727 W Madison St,Chicago,IL60661–West Loop",3.0,3.0,2115,490.0,4.316326530612245,Other,93
434,"235 W Van Buren St Unit 2122 Chicago,IL60607–Chicago Loop",2.0,2.0,2400,1100.0,2.1818181818181817,Single Family,100
435,"125 N Halsted St Unit 1 Chicago,IL60661–Fulton Market",1.0,1.0,2117,488.0,4.338114754098361,Single Family,90
436,"354 N Union Ave Unit Deluxe Two Bedroom Suite #2.1341711 Chicago,IL60661–West Loop",2.0,2.0,16500,1000.0,16.5,Single Family,86
437,"354 N Union Ave Unit Junior Two Bedroom Suite #4.1341702 Chicago,IL60661–West Loop",2.0,2.0,14400,750.0,19.2,Single Family,86
438,"336 S Wells St Unit 1303 Chicago,IL60606–Chicago Loop",1.0,1.0,1995,464.0,4.299568965517241,Single Family,100
440,"1340 W Hubbard St Unit 2 Chicago,IL60642–West Loop",2.0,2.0,3100,1500.0,2.066666666666667,Single Family,73
441,"1034 S Racine Ave Unit 101 Chicago,IL60607–Little Italy",4.0,2.0,3500,1600.0,2.1875,Other,71
442,"730 W Couch Pl Unit 2002.479919 Chicago,IL60661–Fulton Market",1.0,1.0,3176,639.0,4.970266040688576,Single Family,91
443,"235 W Van Buren St Unit 2122 Chicago,IL60607–Chicago Loop",2.0,2.0,2400,1100.0,2.1818181818181817,Single Family,100
445,"720 S Clark St 720 S Clark St,Chicago,IL60605–South Loop",3.0,3.0,1679,560.0,2.998214285714285,Other,100
446,"601 Jackson Blvd Unit CONV Chicago,IL60661–West Loop",1.0,1.0,2284,501.0,4.558882235528942,Single Family,97
449,"1000 W Adams St Unit 709 Chicago,IL60607–West Loop",2.0,2.0,3200,1436.0,2.2284122562674096,Single Family,83
450,"1030 W Van Buren St 1030 W Van Buren St,Chicago,IL60607–West Loop",2.0,2.0,1995,500.0,3.99,Single Family,83
452,"611 S Wells St Unit 2006 Chicago,IL60607–South Loop",2.0,2.0,2950,1140.0,2.587719298245614,Single Family,100
453,"720 S Clark St Unit 2 Chicago,IL60605–South Loop",1.0,1.0,2500,700.0,3.571428571428572,Single Family,100
454,"648 W 16th St Chicago,IL60616–Pilsen",3.0,2.5,3500,1800.0,1.9444444444444444,Other,65
455,"1446 W Lexington St 1446 W Lexington St,Chicago,IL60607–Little Italy",2.0,1.0,2300,1100.0,2.090909090909091,Single Family,71
456,"Gateway West Loop 11 S Green St,Chicago,IL60607–West Loop",2.0,2.0,2087,399.0,5.230576441102757,Single Family,90
457,"1364 W Randolph St Unit 3D Chicago,IL60607–Fulton Market",1.0,1.0,2295,600.0,3.825,Single Family,72
458,"730 W Couch Pl Unit FL7-ID781 Chicago,IL60661–Fulton Market",2.0,2.0,4500,1013.0,4.442250740375124,Single Family,90
459,"1035 W Van Buren St Unit FL11-ID524 Chicago,IL60607–West Loop",1.0,1.0,2930,750.0,3.9066666666666663,Single Family,80
460,"Fulbrix 160 N Elizabeth St,Chicago,IL60607–Fulton Market",3.0,2.0,2354,538.0,4.37546468401487,Other,73
461,"1100 W Polk St 1100 W Polk St,Chicago,IL60607–University Village",5.0,3.0,6000,1850.0,3.2432432432432434,Other,75
462,"1222 W Jackson Blvd Unit 1005 Chicago,IL60607–West Loop",2.0,2.0,3674,1041.0,3.5292987512007685,Single Family,77
463,"1140 N Wells St Unit Deluxe Two Bedroom Suite #6.1341698 Chicago,IL60610–South Loop",2.0,2.0,16500,1000.0,16.5,Single Family,97
464,"1140 N Wells St Unit Deluxe One Bedroom Suite #2.1341665 Chicago,IL60610–South Loop",1.0,1.0,12000,700.0,17.142857142857142,Single Family,97
465,"235 W Van Buren St Unit #2122 Chicago,IL60607–Chicago Loop",2.0,2.0,2400,9999.0,0.24002400240024,Single Family,100
467,"235 W Van Buren St Unit 2122 Chicago,IL60607–Chicago Loop",2.0,2.0,2400,1100.0,2.1818181818181817,Single Family,100
468,"839 W Madison St 839 W Madison St,Chicago,IL60607–West Loop",2.0,2.0,2500,561.0,4.45632798573975,Single Family,83
469,"611 S Wells St Unit 2701 Chicago,IL60607–South Loop",1.0,1.0,2200,1000.0,2.2,Single Family,100
470,"1140 N Wells St Unit Level Suite #4.1341681 Chicago,IL60610–South Loop",1.0,1.0,10500,560.0,18.75,Single Family,97
472,"730 W Couch Pl Unit 1708.226632 Chicago,IL60661–Fulton Market",1.0,1.0,2745,686.0,4.001457725947522,Single Family,91
473,"732 S Financial Pl Unit 000506 Chicago,IL60605–South Loop",1.0,1.0,1900,1000.0,1.9,Single Family,100
474,"Circa 922 922 W Washington Blvd,Chicago,IL60607–Fulton Market",2.0,1.5,2596,755.0,3.43841059602649,Single Family,85
476,"701 W Jackson Blvd Unit 302B Chicago,IL60661–West Loop",1.0,1.0,2600,1180.0,2.2033898305084745,Single Family,94
477,"SCIO AT THE MEDICAL DISTRICT 901 S Ashland Ave,Chicago,IL60607–Little Italy",2.0,2.0,1825,553.0,3.3001808318264017,Single Family,70
478,"1224 W Van Buren St 1224 W Van Buren St,Chicago,IL60607–West Loop",2.0,1.0,2400,900.0,2.6666666666666665,Single Family,74
479,"1325 W Randolph St Unit 1 Chicago,IL60607–Fulton Market",1.0,1.0,2372,618.0,3.838187702265372,Single Family,71
482,"842 W Adams St Unit 3 Chicago,IL60607–West Loop",2.0,1.5,2495,900.0,2.772222222222222,Single Family,88
483,"100 S Ashland Ave Unit 211 Chicago,IL60607–Near West Side",1.0,1.0,1950,850.0,2.294117647058824,Single Family,75
484,"740 W Fulton St Chicago,IL60661–Fulton Market",2.0,2.0,3600,1400.0,2.571428571428572,Single Family,86
485,"1140 N Wells St Unit Junior Two Bedroom Suite #5.1341689 Chicago,IL60610–South Loop",2.0,2.0,14400,850.0,16.941176470588236,Single Family,97
486,"611 S Wells St Unit 2701 Chicago,IL60607–South Loop",1.0,1.0,2200,100.0,22.0,Single Family,100
487,"933 W Van Buren St Unit 309 Chicago,IL60607–West Loop",2.0,2.0,2799,1300.0,2.153076923076923,Single Family,82
488,"365 N Halsted St Unit 3109.703914 Chicago,IL60654–West Loop",3.0,2.0,6198,1515.0,4.091089108910891,Other,86
489,"123 S Green St Unit 402B Chicago,IL60607–West Loop",1.0,1.0,2550,900.0,2.833333333333333,Single Family,90
492,"1140 N Wells St Unit Deluxe One Bedroom Suite #1.1341664 Chicago,IL60610–South Loop",1.0,1.0,12000,700.0,17.142857142857142,Single Family,97
494,"948 W Madison St Unit 5NW Chicago,IL60607–West Loop",2.0,2.0,3200,1025.0,3.1219512195121952,Single Family,84
495,"842 W Adams St Unit 3 Chicago,IL60607–West Loop",2.0,1.5,2495,1900.0,1.313157894736842,Single Family,88
496,"355 N Halsted St 355 N Halsted St,Chicago,IL60661–West Loop",2.0,2.0,2088,513.0,4.0701754385964914,Single Family,86
497,"843 W Adams St 843 W Adams St,Chicago,IL60607–West Loop",2.0,2.0,3350,1000.0,3.35,Single Family,88
499,"235 W Van Buren St 235 W Van Buren St,Chicago,IL60607–Chicago Loop",2.0,2.0,1975,817.0,2.4173806609547124,Single Family,100
500,"1140 N Wells St Unit Junior Two Bedroom Suite #6.1341691 Chicago,IL60610–South Loop",2.0,2.0,14400,850.0,16.941176470588236,Single Family,97
502,"16 S Aberdeen St Chicago,IL60607–West Loop",3.0,2.0,5000,2200.0,2.272727272727273,Other,79
503,"1400 W Monroe St Unit 6E Chicago,IL60607–West Loop",3.0,2.5,7000,1896.0,3.691983122362869,Other,75
504,"354 N Union Ave Unit Deluxe Two Bedroom Suite #1.1341705 Chicago,IL60661–West Loop",2.0,2.0,16500,1000.0,16.5,Single Family,86
505,"6 S Laflin St 6 S Laflin St,Chicago,IL60607–West Loop",2.0,1.0,2300,700.0,3.2857142857142856,Single Family,76
506,"737 W Washington Blvd Unit 3208 Chicago,IL60661–Fulton Market",2.0,2.0,4800,1722.0,2.787456445993032,Single Family,92
507,"801 W Adams St 801 W Adams St,Chicago,IL60607–West Loop",2.0,2.0,2430,683.0,3.5578330893118597,Single Family,90
509,"330 S Wells St Unit FL13-ID200 Chicago,IL60606–Chicago Loop",1.0,1.0,2920,604.0,4.834437086092716,Single Family,100
510,"1327 W Washington Blvd Unit 3G Chicago,IL60607–Fulton Market",2.0,1.25,3500,1700.0,2.0588235294117645,Single Family,73
511,"725 S Wells St 725 S Wells St,Chicago,IL60607–South Loop",1.0,1.0,1890,560.0,3.375,Single Family,100
512,"330 S Wells St Unit FL14-ID220 Chicago,IL60606–Chicago Loop",1.0,1.0,2940,600.0,4.9,Single Family,100
515,"2 br, 2 bath Condo - 235 W Van Buren St 235 W Van Buren St,Chicago,IL60607–Chicago Loop",2.0,2.0,2400,1100.0,2.1818181818181817,Single Family,100
516,"1518 W Monroe St Unit A204 Chicago,IL60607–West Loop",1.0,1.0,1575,357.0,4.411764705882353,Single Family,76
517,"1300 W Jackson Blvd 1300 W Jackson Blvd,Chicago,IL60607–West Loop",2.0,2.0,2500,800.0,3.125,Single Family,73
519,"310 S Clinton St Unit 2 Chicago,IL60661–West Loop",1.0,1.0,1800,720.0,2.5,Single Family,100
520,"354 N Union Ave Unit Deluxe Two Bedroom Suite #4.1341715 Chicago,IL60661–West Loop",2.0,2.0,16500,1000.0,16.5,Single Family,86
521,"842 W Adams St Unit #  03 Chicago,IL60607–West Loop",2.0,1.5,2495,9999.0,0.2495249524952495,Single Family,88
523,"933 W Van Buren St Unit 816 Chicago,IL60607–West Loop",2.0,2.0,3400,1300.0,2.6153846153846154,Single Family,82
525,"740 W Fulton St Unit 804 Chicago,IL60661–Fulton Market",1.0,1.0,2500,800.0,3.125,Single Family,86
526,"1155 Roosevelt W Rd Unit 408 Chicago,IL60608–University Village",2.0,2.0,2400,1150.0,2.0869565217391304,Single Family,69
527,"2 br, 1 bath Condo - 6 South Laflin Street... 6 S Laflin St,Chicago,IL60607–Fulton Market",2.0,1.0,2375,900.0,2.638888888888889,Single Family,76
528,"Alta Grand Central 221 W Harrison St,Chicago,IL60607–South Loop",3.0,2.5,1812,407.0,4.452088452088452,Other,100
529,"235 W Van Buren St Unit 2122 Chicago,IL60607–Chicago Loop",2.0,2.0,2400,1100.0,2.1818181818181817,Single Family,100
530,"124 W Polk St Unit 902 Chicago,IL60605–South Loop",1.0,1.0,2785,831.0,3.351383874849579,Single Family,100
531,"1446 W Lexington St 1446 W Lexington St,Chicago,IL60607–Little Italy",2.0,1.0,2300,1250.0,1.84,Single Family,71
532,"1140 N Wells St Unit Executive One Bedroom Suite #2.1341673 Chicago,IL60610–South Loop",1.0,1.0,12600,750.0,16.8,Single Family,97
533,"943 W Washington Blvd Unit 1 Chicago,IL60607–Fulton Market",1.0,1.0,2082,484.0,4.301652892561983,Single Family,84
534,"842 W Adams St Unit 3 Chicago,IL60607–West Loop",2.0,1.5,2495,1200.0,2.0791666666666666,Single Family,88
535,"16 S Aberdeen St Chicago,IL60607–West Loop",3.0,2.5,5000,2200.0,2.272727272727273,Other,79
536,"808 W Monroe St Unit 2d Chicago,IL60607–Chicago",1.0,1.0,2375,790.0,3.0063291139240507,Single Family,90
537,"106 S Sangamon St Unit 4S Chicago,IL60607–Chicago",3.0,2.0,6000,2000.0,3.0,Other,86
538,"939 W Washington Blvd Unit B-W409.485824 Chicago,IL60607–Fulton Market",1.0,1.0,2987,486.0,6.146090534979424,Single Family,87
539,"354 N Union Ave Unit Deluxe One Bedroom Suite #5.1341722 Chicago,IL60661–West Loop",1.0,1.0,12000,700.0,17.142857142857142,Single Family,86
540,"420 S Clinton St Unit 118 Chicago,IL60607–West Loop",2.0,1.5,2850,1000.0,2.85,Single Family,98
541,"1140 N Wells St Unit Executive One Bedroom Suite #6.1341677 Chicago,IL60610–South Loop",1.0,1.0,12600,750.0,16.8,Single Family,97
543,"177 N Ada St 177 N Ada St,Chicago,IL60607–Fulton Market",2.0,2.0,2999,740.0,4.052702702702702,Single Family,71
544,"125 S Green St Unit 604A Chicago,IL60607–West Loop",1.0,1.0,3000,3000.0,1.0,Single Family,90
546,"1000 W Adams St Unit 709 Chicago,IL60607–West Loop",2.0,2.0,3200,1436.0,2.2284122562674096,Single Family,83
548,"235 W Van Buren St 235 W Van Buren St,Chicago,IL60607–Chicago Loop",2.0,2.0,2600,1000.0,2.6,Single Family,100
549,"333 N Green St Unit 2 Chicago,IL60607–Fulton Market",1.0,1.0,2028,513.0,3.953216374269006,Single Family,84
551,"Avra West Loop 1125 W Van Buren St,Chicago,IL60607–West Loop",3.0,2.0,2005,470.0,4.26595744680851,Other,78
552,"111 S Morgan St Unit 619 Chicago,IL60607–West Loop",1.0,1.0,2450,800.0,3.0625,Single Family,86
553,"901 S Ashland Ave Unit 02-1115 Chicago,IL60607–University Village",1.0,1.0,1974,624.0,3.1634615384615383,Single Family,70
554,"1201 W Adams St Unit 612 Chicago,IL60607–West Loop",2.0,2.0,3200,1200.0,2.6666666666666665,Single Family,75
555,"1427 W Lexington St Unit 2nd Chicago,IL60607–Little Italy",3.0,1.5,2100,1300.0,1.6153846153846154,Other,72
556,"948 W Madison St 948 W Madison St,Chicago,IL60607–West Loop",2.0,2.0,2421,561.0,4.315508021390374,Single Family,83
557,"601 W Jackson Blvd Unit 1303.470 Chicago,IL60661–West Loop",1.0,1.0,2665,569.0,4.68365553602812,Single Family,97
559,"1335 W Taylor St Unit 4 Chicago,IL60607–Little Italy",4.0,2.0,4000,2200.0,1.818181818181818,Other,69
560,"808 W Van Buren St Unit FL10-ID534 Chicago,IL60607–West Loop",2.0,2.0,4710,1090.0,4.321100917431193,Single Family,88
561,"901 W Madison St Unit 404 Chicago,IL60607–Fulton Market",1.0,1.5,2500,900.0,2.7777777777777777,Single Family,87
562,"1250 W Van Buren St Unit 205 Chicago,IL60607–West Loop",2.0,1.0,2300,100.0,23.0,Single Family,74
563,"333 S Desplaines St Unit 505 Chicago,IL60661–West Loop",1.0,1.0,2300,1000.0,2.3,Single Family,97
564,"1116 W Polk St Unit 1RB Chicago,IL60607–University Village",1.0,1.0,1400,900.0,1.5555555555555556,Single Family,73
565,"1225 W Cottage Plz Chicago,IL60607–West Loop",3.0,3.0,3950,1850.0,2.135135135135135,Other,75
566,"111 W Polk St Unit FL10-ID688 Chicago,IL60605–South Loop",1.0,1.0,3130,752.0,4.162234042553192,Single Family,100
567,"1380 W Randolph St Unit 1 Chicago,IL60607–Fulton Market",1.0,1.0,2359,550.0,4.289090909090909,Single Family,72
568,"700 S Clark St 700 S Clark St,Chicago,IL60605–South Loop",2.0,2.0,2290,735.0,3.1156462585034013,Single Family,100
569,"933 W Van Buren St Unit 816 Chicago,IL60607–West Loop",2.0,2.0,3400,1211.0,2.8075970272502064,Single Family,83
571,"1044 W Fulton Market Chicago,IL60607–Fulton Market",3.0,2.0,4800,1600.0,3.0,Other,79
572,"1131 W Madison St Unit 2f Chicago,IL60607–West Loop",2.0,2.0,4495,1825.0,2.463013698630137,Single Family,79
574,"1335 W Taylor St 1335 W Taylor St,Chicago,IL60607–Little Italy",4.0,2.0,4200,2200.0,1.9090909090909087,Other,69
575,"804 S Loomis St Unit 1 Chicago,IL60607–Little Italy",3.0,1.5,2500,1000.0,2.5,Other,72
576,"1360 W Hubbard St Unit 3W Chicago,IL60642–West Loop",3.0,2.0,5750,1680.0,3.4226190476190474,Other,73
577,"1224 W Jackson Blvd Unit 301 Chicago,IL60607–West Loop",1.0,1.0,2547,731.0,3.484268125854993,Single Family,76
578,"JeffJack Apartments 601 W Jackson Blvd,Chicago,IL60661–West Loop",2.0,2.0,1909,475.0,4.018947368421053,Single Family,98
579,"323 S Racine Ave Unit 3C Chicago,IL60607–West Loop",3.0,3.0,5800,2160.0,2.685185185185185,Other,76
580,"14 N Aberdeen St Chicago,IL60607–West Loop",2.0,2.0,3350,1100.0,3.0454545454545454,Single Family,81
581,"801 S Wells St Unit 404 Chicago,IL60607–South Loop",1.0,1.0,1950,850.0,2.294117647058824,Single Family,100
582,"Porte 855 W Madison St,Chicago,IL60607–West Loop",3.0,2.0,2561,546.0,4.690476190476191,Other,88
583,"720 N Milwaukee Ave Unit 1505 Chicago,IL60642–University Village",3.0,3.0,3800,1152.0,3.298611111111111,Other,78
584,"The Cooper 720 S Wells St,Chicago,IL60607–South Loop",3.0,3.5,2096,451.0,4.647450110864745,Other,100
585,"1440 W Randolph St 1440 W Randolph St,Chicago,IL60607–West Loop",2.0,2.0,2399,900.0,2.665555555555556,Single Family,73
586,"1012 W Randolph Apartments 1012 W Randolph St,Chicago,IL60607–Fulton Market",1.0,1.0,3900,1435.0,2.717770034843205,Single Family,80
587,"501 S Wells St 501 S Wells St,Chicago,IL60607–Chicago Loop",2.0,2.0,1993,560.0,3.5589285714285714,Single Family,100
588,"1035 W Van Buren St Unit FL12-ID755 Chicago,IL60607–West Loop",2.0,1.0,4060,1025.0,3.9609756097560975,Single Family,85
589,"Parq Fulton 1400 W Randolph St,Chicago,IL60607–West Loop",3.0,2.5,2295,527.0,4.354838709677419,Other,73
590,"1327 W Washington Blvd Unit 2a Chicago,IL60607–Fulton Market",2.0,2.0,4999,2000.0,2.4995,Single Family,73
591,"235 W Van Buren St Unit #  02122 Chicago,IL60607–Chicago Loop",2.0,2.0,2400,9999.0,0.24002400240024,Single Family,100
592,"175 N Ada St 175 N Ada St,Chicago,IL60607–Fulton Market",2.0,2.0,1974,600.0,3.29,Single Family,72
593,"16 S Aberdeen St Unit 1 Chicago,IL60607–West Loop",3.0,2.5,5000,2600.0,1.9230769230769231,Other,79
594,"354 N Union Ave Unit Deluxe One Bedroom Suite #4.1341721 Chicago,IL60661–West Loop",1.0,1.0,12000,700.0,17.142857142857142,Single Family,86
595,"900 W Washington Blvd 900 W Washington Blvd,Chicago,IL60607–Fulton Market",2.0,2.0,2000,482.0,4.149377593360996,Single Family,87
596,"1201 W Adams St Unit 00709 Chicago,IL60607–West Loop",1.0,1.0,2300,800.0,2.875,Single Family,75
597,"1140 N Wells St Unit Executive One Bedroom Suite #5.1341676 Chicago,IL60610–South Loop",1.0,1.0,12600,750.0,16.8,Single Family,97
598,"843 W Adams St 843 W Adams St,Chicago,IL60607–West Loop",2.0,2.0,3350,1000.0,3.35,Single Family,88
599,"701 S Wells St 701 S Wells St,Chicago,IL60607–South Loop",2.0,2.5,2024,559.0,3.6207513416815744,Single Family,100
600,"354 N Union Ave Unit Junior Two Bedroom Suite #1.1341699 Chicago,IL60661–West Loop",2.0,2.0,14400,850.0,16.941176470588236,Single Family,86
601,"Roosevelt Square Apartments 1346 W Taylor St,Chicago,IL60607–Little Italy",3.0,2.0,1064,557.0,1.9102333931777375,Other,71
602,"38 S Peoria St 38 S Peoria St,Chicago,IL60607–West Loop",2.0,2.0,2755,725.0,3.8,Single Family,87
603,"330 S Wells St Unit FL15-ID670 Chicago,IL60606–Chicago Loop",1.0,1.0,2820,583.0,4.83704974271012,Single Family,100
604,"1035 W Van Buren St Unit 2704.643 Chicago,IL60607–West Loop",1.0,1.0,2938,600.0,4.8966666666666665,Single Family,80
606,"901 W Madison St Unit 405 Chicago,IL60607–Fulton Market",1.0,1.5,2500,800.0,3.125,Single Family,87
608,"912 W Lake St Unit 05-B Chicago,IL60607–Fulton Market",2.0,1.0,2305,1000.0,2.305,Single Family,83
609,"913 S Miller St Unit 2 Chicago,IL60607–University Village",4.0,2.0,4200,1285.0,3.268482490272373,Other,73
611,"1224 W Van Buren St 1224 W Van Buren St,Chicago,IL60607–West Loop",2.0,1.5,2600,950.0,2.736842105263158,Single Family,74
612,"702 W Fulton St Unit 02 Chicago,IL60661–West Loop",2.0,2.0,3462,1016.0,3.40748031496063,Single Family,86
613,"525 S Wells St Unit 3 Chicago,IL60607–South Loop",1.0,1.0,2590,794.0,3.261964735516373,Single Family,100
614,"1040 W Adams St Unit 02-66 Chicago,IL60607–Fulton Market",1.0,1.0,2700,1050.0,2.571428571428572,Single Family,81
615,"464 N Ashland Ave Unit 3A Chicago,IL60622–West Town",2.0,1.0,2890,984.0,2.936991869918699,Single Family,73
616,"1012 W Randolph St 1012 W Randolph St,Chicago,IL60607–Fulton Market",3.0,3.0,4545,1070.0,4.247663551401869,Other,80
617,"Tailor Lofts 315 S Peoria St,Chicago,IL60607–West Loop",4.0,4.0,1089,359.0,3.033426183844011,Other,87
618,"1394 W Randolph St Chicago,IL60607–Fulton Market",1.0,1.0,2661,720.0,3.695833333333333,Single Family,72
619,"1500 W Monroe St 1500 W Monroe St,Chicago,IL60607–West Loop",2.0,2.0,2450,1000.0,2.45,Single Family,75
620,"1446 W Lexington St Unit 2 Chicago,IL60607–Little Italy",2.0,1.0,2100,800.0,2.625,Single Family,71
621,"16 S Aberdeen St Unit 1 Chicago,IL60607–West Loop",3.0,2.5,5000,1500.0,3.333333333333333,Other,79
622,"630 S Clark St 630 S Clark St,Chicago,IL60605–South Loop",2.0,2.0,2218,735.0,3.017687074829932,Single Family,100
623,"800 S Clark St 800 S Clark St,Chicago,IL60605–South Loop",2.0,2.0,1939,522.0,3.71455938697318,Single Family,100
624,"235 W Van Buren St Unit 2122 Chicago,IL60607–Chicago Loop",2.0,2.0,2400,1100.0,2.1818181818181817,Single Family,100
625,"877 W Madison St Unit 409S Chicago,IL60607–West Loop",1.0,1.0,2953,725.0,4.073103448275862,Single Family,88
626,"111 S Peoria St Unit 602 Chicago,IL60607–West Loop",3.0,4.0,7500,2150.0,3.488372093023256,Other,88
629,"1446 W Lexington St Unit #1 Chicago,IL60607–Little Italy",2.0,1.0,2100,9999.0,0.21002100210021,Single Family,71
630,"1347 W Washington Blvd Unit 3B Chicago,IL60607–Fulton Market",2.0,2.0,2900,1300.0,2.230769230769231,Single Family,73
631,"611 S Wells St 611 S Wells St,Chicago,IL60607–South Loop",2.0,2.5,2100,720.0,2.9166666666666665,Single Family,100
632,"1000 W Washington Blvd Unit 428 Chicago,IL60607–Fulton Market",1.0,2.0,3500,1000.0,3.5,Single Family,82
633,"125 S Green St Unit 501a Chicago,IL60607–West Loop",2.0,2.0,3500,1297.0,2.698535080956052,Single Family,90
634,"100 S Ashland Ave Unit 211 Chicago,IL60607–Near West Side",1.0,1.0,1950,850.0,2.294117647058824,Single Family,75
636,"700 W Van Buren St Unit 001202 Chicago,IL60607–West Loop",1.0,1.0,2250,850.0,2.647058823529412,Single Family,94
637,"1000 W Washington Blvd 1000 W Washington Blvd,Chicago,IL60607–Fulton Market",2.0,2.0,2421,546.0,4.434065934065934,Single Family,82
638,"1311 W Randolph St Unit 209 Chicago,IL60607–Fulton Market",2.0,2.0,2919,930.0,3.138709677419355,Single Family,74
639,"933 W Van Buren St 933 W Van Buren St,Chicago,IL60607–West Loop",2.0,1.0,2295,400.0,5.7375,Single Family,82
640,"888 W Van Buren St Chicago,IL60607–West Loop",1.0,1.0,2388,625.0,3.8208,Single Family,86
641,"324 S Racine Ave Unit 3n Chicago,IL60607–Fulton Market",4.0,2.0,4195,1750.0,2.397142857142857,Other,76
642,"1155 W Madison St Unit 403 Chicago,IL60607–West Loop",1.0,1.0,2325,700.0,3.321428571428572,Single Family,77
643,"334 S Wells St Unit 811 Chicago,IL60606–Chicago Loop",1.0,1.0,1962,658.0,2.98176291793313,Single Family,100
644,"321 S Sangamon St Unit 408 Chicago,IL60607–Fulton Market",2.0,2.0,2900,1200.0,2.4166666666666665,Single Family,82
645,"Luxe on Madison 1222 W Madison St,Chicago,IL60607–West Loop",2.0,2.0,2096,522.0,4.015325670498084,Single Family,76
646,"1035 W Van Buren St Unit 1600.235976 Chicago,IL60607–West Loop",1.0,1.0,3344,816.0,4.098039215686274,Single Family,81
647,"842 W Adams St Unit #3 Chicago,IL60607–West Loop",2.0,1.5,2495,9999.0,0.2495249524952495,Single Family,88
650,"111 S Peoria St Unit 508 Chicago,IL60607–West Loop",2.0,2.0,4500,100.0,45.0,Single Family,88
652,"175 N Ada St 175 N Ada St,Chicago,IL60607–Fulton Market",2.0,2.0,2977,790.0,3.768354430379747,Single Family,72
653,"180 N Ada St Unit FL7-ID723 Chicago,IL60607–Fulton Market",1.0,1.0,3960,740.0,5.351351351351352,Single Family,72
654,"440 N Halsted St Unit 3A Chicago,IL60642–West Loop",3.0,3.5,6000,2400.0,2.5,Other,83
655,"1140 N Wells St Unit Level Suite #5.1341682 Chicago,IL60610–South Loop",1.0,1.0,10500,560.0,18.75,Single Family,97
658,"500 S Clinton St Chicago,IL60607–South Loop",2.0,2.0,2750,1300.0,2.1153846153846154,Single Family,98
659,"701 S Clark St Unit 1 Chicago,IL60605–South Loop",2.0,2.0,2849,944.0,3.018008474576271,Single Family,100
660,"1224 W Van Buren St 1224 W Van Buren St,Chicago,IL60607–West Loop",2.0,1.5,2400,900.0,2.6666666666666665,Single Family,74
661,"Sage 1044 W Van Buren St,Chicago,IL60607–West Loop",2.0,2.0,1893,428.0,4.422897196261682,Single Family,80
662,"Madison Throop Place 1237 W Madison,Chicago,IL60607–West Loop",3.0,2.0,2150,820.0,2.6219512195121952,Other,76
663,"6 S Laflin St Unit 403 Chicago,IL60607–West Loop",1.0,1.0,3095,966.0,3.2039337474120084,Single Family,76
664,"22 N Morgan St Unit 213 Chicago,IL60607–West Loop",1.0,1.0,3000,1600.0,1.875,Single Family,82
665,"354 N Union Ave Unit Deluxe One Bedroom Suite #2.1341719 Chicago,IL60661–West Loop",1.0,1.0,12000,700.0,17.142857142857142,Single Family,86
667,"235 W Van Buren St Unit 2210 Chicago,IL60607–Chicago Loop",1.0,1.0,1850,810.0,2.2839506172839505,Single Family,100
668,"354 N Union Ave Unit Junior Two Bedroom Suite #2.1341700 Chicago,IL60661–West Loop",2.0,2.0,14400,850.0,16.941176470588236,Single Family,86
669,"1140 N Wells St Unit Executive One Bedroom Suite #3.1341674 Chicago,IL60610–South Loop",1.0,1.0,12600,750.0,16.8,Single Family,97
670,"1342 W Hubbard St Unit 3R Chicago,IL60642–West Loop",2.0,1.0,1700,950.0,1.7894736842105263,Single Family,72
671,"1446 W Lexington St Unit 1 Chicago,IL60607–Little Italy",2.0,1.0,2100,1000.0,2.1,Single Family,71
672,"420 S Clinton St Unit 118 Chicago,IL60607–West Loop",2.0,1.5,2500,650.0,3.8461538461538463,Single Family,98
673,"1222 W Jackson Blvd Unit 520 Chicago,IL60607–West Loop",1.0,1.0,1945,403.0,4.826302729528536,Single Family,77
674,"1140 N Wells St Unit Deluxe One Bedroom Suite #5.1341669 Chicago,IL60610–South Loop",1.0,1.0,12000,700.0,17.142857142857142,Single Family,97
675,"939 W Madison St Chicago,IL60607–West Loop",2.0,2.0,3200,1300.0,2.4615384615384617,Single Family,85
677,"16 S Aberdeen St Unit 1 Chicago,IL60607–West Loop",3.0,2.5,5000,1800.0,2.7777777777777777,Other,79
679,"1155 W Roosevelt Rd Unit 202 Chicago,IL60608–University Village",2.0,2.0,2200,1116.0,1.971326164874552,Single Family,69
680,"6 S Laflin St Unit 710 Chicago,IL60607–West Loop",2.0,2.0,3500,1100.0,3.1818181818181817,Single Family,75
682,"737 W Washington Blvd Unit 1304 Chicago,IL60661–Fulton Market",2.0,2.0,2985,1390.0,2.147482014388489,Single Family,92
683,"939 W Washington Blvd Unit FL9-ID293 Chicago,IL60607–Fulton Market",1.0,1.0,3620,625.0,5.792,Single Family,87
686,"1360 W Hubbard St Unit 3w Chicago,IL60642–West Loop",3.0,2.0,4950,1680.0,2.946428571428572,Other,73
687,"1500 W Monroe St Unit 503 Chicago,IL60607–West Loop",2.0,2.0,3800,1200.0,3.1666666666666665,Single Family,75
688,"213 N Racine Ave Unit 204 Chicago,IL60607–Fulton Market",2.0,2.0,3650,1200.0,3.0416666666666665,Single Family,75
691,"125 S Green St 125 S Green St,Chicago,IL60607–West Loop",2.0,2.0,2500,900.0,2.7777777777777777,Single Family,90
692,"111 W Polk St Unit FL2-ID690 Chicago,IL60605–South Loop",1.0,1.0,3110,736.0,4.225543478260869,Single Family,100
693,"170 W Polk St 170 W Polk St,Chicago,IL60605–South Loop",2.0,2.0,1874,522.0,3.5900383141762453,Single Family,100
694,"125 S Green St Unit 1109A Chicago,IL60607–West Loop",1.0,1.0,2500,800.0,3.125,Single Family,90
695,"111 W Polk St Unit FL4-ID689 Chicago,IL60605–South Loop",1.0,1.0,3140,752.0,4.175531914893617,Single Family,100
